"cluster_num","n_pairs_involved","n_significant_pairs","cluster_reliability"
1,3,2,0.666666666666667
2,3,2,0.666666666666667
3,3,1,0.333333333333333
4,3,1,0.333333333333333
